Workbook

Sheet Sample KPI
A1: Sample Perhitungan Bobot KPI Employee
A2: Formula modul odoo_kpi: Total Score = SUM((Actual / Target) x Weight) untuk semua assignment employee dalam 1 periode.
A3: No | B3: KPI | C3: Target | D3: Actual | E3: Weight | F3: Achievement | G3: Nilai Assignment | H3: Kontribusi ke Total | I3: Status | J3: Catatan
A4: 1 | B4: Sales | C4: 100 | D4: 80 | E4: 50 | F4: =(D4/C4) -> 0 | G4: =(D4/C4)*E4 -> 0 | H4: =G4/$G$8 -> 0 | I4: =IF(D4>C4,"Over target",IF(D4=C4,"On target","Below target")) -> 0 | J4: Rumus Odoo: (actual / target) x weight
A5: 2 | B5: Visit | C5: 20 | D5: 15 | E5: 30 | F5: =(D5/C5) -> 0 | G5: =(D5/C5)*E5 -> 0 | H5: =G5/$G$8 -> 0 | I5: =IF(D5>C5,"Over target",IF(D5=C5,"On target","Below target")) -> 0 | J5: Kontribusi dihitung dari nilai assignment dibagi total score employee
A6: 3 | B6: Collection | C6: 10 | D6: 12 | E6: 20 | F6: =(D6/C6) -> 0 | G6: =(D6/C6)*E6 -> 0 | H6: =G6/$G$8 -> 0 | I6: =IF(D6>C6,"Over target",IF(D6=C6,"On target","Below target")) -> 0 | J6: Tidak ada cap di kode, jadi over target bisa melampaui bobot
F8: Total Score | G8: =SUM(G4:G6) -> 0 | H8: Interpretasi | I8: =IF(G8>=90,"Sangat baik",IF(G8>=75,"Baik",IF(G8>=60,"Cukup",IF(G8>=40,"Kurang","Buruk")))) -> 0
F9: Total Weight | G9: =SUM(E4:E6) -> 0 | H9: Catatan | I9: Jika total weight = 100 maka total score terasa seperti skala 0-100. Jika actual > target, nilai assignment bisa melebihi bobot karena rumus belum di-cap.
F10: Grade | G10: =IF(G8>=90,"A",IF(G8>=75,"B",IF(G8>=60,"C",IF(G8>=40,"D","E")))) -> 0
A12: 1. | B12: Ubah kolom Target, Actual, atau Weight untuk simulasi KPI lain.
A13: 2. | B13: Achievement = Actual / Target.
A14: 3. | B14: Nilai Assignment = Achievement x Weight.
A15: 4. | B15: Kontribusi ke Total = Nilai Assignment / Total Score.
A16: 5. | B16: Jika total weight = 100, total score akan terasa seperti nilai skala 0-100.
A17: 6. | B17: Jika actual melebihi target, nilai assignment bisa melebihi bobot karena kode saat ini tidak membatasi hasil.

Sheet Executive Summary
A1: Ringkasan Untuk HR / Manager
A3: Area | B3: Nilai | C3: Keterangan
A4: Total Score Employee | B4: ='Sample KPI'!G8 -> 0 | C4: Total nilai akhir employee untuk periode tersebut.
A5: Grade | B5: ='Sample KPI'!G10 -> 0 | C5: Grade mengikuti mapping A/B/C/D/E dari modul.
A6: Total Weight | B6: ='Sample KPI'!G9 -> 0 | C6: Idealnya 100 jika ingin score langsung terbaca sebagai persentase performa.
A8: KPI Dominan | B8: Kontribusi | C8: Makna
A9: =INDEX('Sample KPI'!B4:B6, MATCH(MAX('Sample KPI'!H4:H6), 'Sample KPI'!H4:H6, 0)) -> 0 | B9: =MAX('Sample KPI'!H4:H6) -> 0 | C9: Assignment dengan sumbangan terbesar ke total nilai akhir.
A11: Baca report ini seperti berikut: bobot menunjukkan porsi maksimum kontribusi KPI, tetapi nilai akhir tetap tergantung pencapaian actual terhadap target. KPI dengan bobot besar tetapi actual rendah tetap memberi kontribusi kecil.

Sheet Override Example
A1: Contoh Target Override dan Weight Override
A2: Override dipakai lebih dulu daripada default target/weight KPI.
A3: Parameter | B3: Nilai | C3: Dipakai? | D3: Catatan
A4: Default Target KPI | B4: 100 | C4: Tidak | D4: Akan kalah prioritas jika target_override diisi
A5: Default Weight KPI | B5: 40 | C5: Tidak | D5: Akan kalah prioritas jika weight_override diisi
A6: Target Override | B6: 80 | C6: Ya | D6: Dipakai sebagai effective_target
A7: Weight Override | B7: 50 | C7: Ya | D7: Dipakai sebagai effective_weight
A8: Actual | B8: 60 | C8: Ya | D8: Total dari semua kpi.value untuk assignment ini
A10: Rumus | B10: =(B7/B5)*B6 -> 0 | C10: Hasil | D10: Nilai assignment = (60 / 80) x 50 = 37.5

Sheet Simulator
A1: Simulator KPI Employee
A2: Kolom kuning bisa diubah. Rumus akan otomatis menghitung nilai assignment, kontribusi, total score, dan grade.
A4: Employee Name | B4: Nama Employee | E4: Periode | F4: 2026-03
A5: No | B5: KPI | C5: Target | D5: Actual | E5: Weight | F5: Achievement | G5: Nilai Assignment | H5: Kontribusi | I5: Catatan | J5: Status
A6: 1 | F6: =IFERROR(D6/C6,0) -> 0 | G6: =IF(OR(C6<=0,E6<=0),0,(D6/C6)*E6) -> 0 | H6: =IFERROR(G6/$G$16,0) -> 0 | J6: =IF(G6=0,"No score",IF(D6>C6,"Over target",IF(D6=C6,"On target","Below target"))) -> 0
A7: 2 | F7: =IFERROR(D7/C7,0) -> 0 | G7: =IF(OR(C7<=0,E7<=0),0,(D7/C7)*E7) -> 0 | H7: =IFERROR(G7/$G$16,0) -> 0 | J7: =IF(G7=0,"No score",IF(D7>C7,"Over target",IF(D7=C7,"On target","Below target"))) -> 0
A8: 3 | F8: =IFERROR(D8/C8,0) -> 0 | G8: =IF(OR(C8<=0,E8<=0),0,(D8/C8)*E8) -> 0 | H8: =IFERROR(G8/$G$16,0) -> 0 | J8: =IF(G8=0,"No score",IF(D8>C8,"Over target",IF(D8=C8,"On target","Below target"))) -> 0
A9: 4 | F9: =IFERROR(D9/C9,0) -> 0 | G9: =IF(OR(C9<=0,E9<=0),0,(D9/C9)*E9) -> 0 | H9: =IFERROR(G9/$G$16,0) -> 0 | J9: =IF(G9=0,"No score",IF(D9>C9,"Over target",IF(D9=C9,"On target","Below target"))) -> 0
A10: 5 | F10: =IFERROR(D10/C10,0) -> 0 | G10: =IF(OR(C10<=0,E10<=0),0,(D10/C10)*E10) -> 0 | H10: =IFERROR(G10/$G$16,0) -> 0 | J10: =IF(G10=0,"No score",IF(D10>C10,"Over target",IF(D10=C10,"On target","Below target"))) -> 0
A11: 6 | F11: =IFERROR(D11/C11,0) -> 0 | G11: =IF(OR(C11<=0,E11<=0),0,(D11/C11)*E11) -> 0 | H11: =IFERROR(G11/$G$16,0) -> 0 | J11: =IF(G11=0,"No score",IF(D11>C11,"Over target",IF(D11=C11,"On target","Below target"))) -> 0
A12: 7 | F12: =IFERROR(D12/C12,0) -> 0 | G12: =IF(OR(C12<=0,E12<=0),0,(D12/C12)*E12) -> 0 | H12: =IFERROR(G12/$G$16,0) -> 0 | J12: =IF(G12=0,"No score",IF(D12>C12,"Over target",IF(D12=C12,"On target","Below target"))) -> 0
A13: 8 | F13: =IFERROR(D13/C13,0) -> 0 | G13: =IF(OR(C13<=0,E13<=0),0,(D13/C13)*E13) -> 0 | H13: =IFERROR(G13/$G$16,0) -> 0 | J13: =IF(G13=0,"No score",IF(D13>C13,"Over target",IF(D13=C13,"On target","Below target"))) -> 0
F16: Total Score | G16: =SUM(G6:G13) -> 0 | H16: Interpretasi | I16: =IF(G16>=90,"Sangat baik",IF(G16>=75,"Baik",IF(G16>=60,"Cukup",IF(G16>=40,"Kurang","Buruk")))) -> 0
F17: Total Weight | G17: =SUM(E6:E13) -> 0 | H17: Tips: set total bobot ke 100. Jika total bobot tidak 100, score akhir tetap valid menurut kode, tetapi lebih sulit dibaca sebagai skala 0-100.
F18: Grade | G18: =IF(G16>=90,"A",IF(G16>=75,"B",IF(G16>=60,"C",IF(G16>=40,"D","E")))) -> 0
